{
  "retrieval_recall": 1.0,
  "f1_micro": 0.8343589743589743,
  "f1_macro": 0.7556607524975052
}