{
  "f1_micro": 0.9021739130434783,
  "f1_macro": 0.6727821406425272
}