{
  "best_overall": {
    "model": "mistral-small-latest",
    "k_tfidf": 25,
    "k_embed": 15,
    "total_candidates": 40,
    "retrieval_recall": 1.0,
    "f1_micro": 0.89,
    "f1_macro": 0.78714859437751,
    "execution_time": 17.613325119018555,
    "total_cost": 0.012150000000000003,
    "cost_per_example": 0.00012150000000000003,
    "input_cost": 0.010000000000000002,
    "output_cost": 0.00015,
    "embedding_cost": 0.002,
    "error": NaN
  },
  "best_mistral-small-latest": {
    "model": "mistral-small-latest",
    "k_tfidf": 25,
    "k_embed": 15,
    "total_candidates": 40,
    "retrieval_recall": 1.0,
    "f1_micro": 0.89,
    "f1_macro": 0.78714859437751,
    "execution_time": 17.613325119018555,
    "total_cost": 0.012150000000000003,
    "cost_per_example": 0.00012150000000000003,
    "input_cost": 0.010000000000000002,
    "output_cost": 0.00015,
    "embedding_cost": 0.002,
    "error": NaN
  },
  "best_mistral-medium-latest": {
    "model": "mistral-medium-latest",
    "k_tfidf": 25,
    "k_embed": 15,
    "total_candidates": 40,
    "retrieval_recall": 1.0,
    "f1_micro": 0.88,
    "f1_macro": 0.7751004016064257,
    "execution_time": 20.132858991622925,
    "total_cost": 0.04300000000000001,
    "cost_per_example": 0.0004300000000000001,
    "input_cost": 0.04000000000000001,
    "output_cost": 0.001,
    "embedding_cost": 0.002,
    "error": NaN
  },
  "best_mistral-large-latest": {
    "model": "mistral-large-latest",
    "k_tfidf": 25,
    "k_embed": 15,
    "total_candidates": 40,
    "retrieval_recall": 1.0,
    "f1_micro": 0.88,
    "f1_macro": 0.7751004016064257,
    "execution_time": 22.1706120967865,
    "total_cost": 0.20500000000000002,
    "cost_per_example": 0.00205,
    "input_cost": 0.2,
    "output_cost": 0.003,
    "embedding_cost": 0.002,
    "error": NaN
  },
  "most_efficient": {
    "model": "mistral-small-latest",
    "k_tfidf": 15,
    "k_embed": 15,
    "total_candidates": 30,
    "retrieval_recall": 1.0,
    "f1_micro": 0.81,
    "f1_macro": 0.6921373200442967,
    "execution_time": 18.585254907608032,
    "total_cost": 0.010150000000000001,
    "cost_per_example": 0.00010150000000000001,
    "input_cost": 0.008,
    "output_cost": 0.00015,
    "embedding_cost": 0.002,
    "error": NaN,
    "efficiency": 7980.295566502463
  }
}