{
  "retrieval_recall": 1.0,
  "f1_micro": 0.7905052264808362,
  "f1_macro": 0.6255820329296149
}